{
	"info": {
		"_postman_id": "937071ad-6ed5-43ae-8e9a-a855cf6fc4d5",
		"name": "IoT",
		"schema": "https://schema.getpostman.com/json/collection/v2.1.0/collection.json",
		"_exporter_id": "17703847"
	},
	"item": [
		{
			"name": "Get registers",
			"protocolProfileBehavior": {
				"disableBodyPruning": true
			},
			"request": {
				"method": "GET",
				"header": [],
				"body": {
					"mode": "formdata",
					"formdata": []
				},
				"url": {
					"raw": "{{ip}}/holdingRegisters",
					"host": [
						"{{ip}}"
					],
					"path": [
						"holdingRegisters"
					]
				}
			},
			"response": []
		},
		{
			"name": "Get register",
			"protocolProfileBehavior": {
				"disableBodyPruning": true
			},
			"request": {
				"method": "GET",
				"header": [],
				"body": {
					"mode": "formdata",
					"formdata": []
				},
				"url": {
					"raw": "{{ip}}/holdingRegister?address=100",
					"host": [
						"{{ip}}"
					],
					"path": [
						"holdingRegister"
					],
					"query": [
						{
							"key": "address",
							"value": "100"
						}
					]
				}
			},
			"response": []
		},
		{
			"name": "Add register",
			"request": {
				"method": "POST",
				"header": [],
				"body": {
					"mode": "formdata",
					"formdata": [
						{
							"key": "slaveAddress",
							"value": "1",
							"type": "text"
						},
						{
							"key": "registerAddress",
							"value": "106",
							"type": "text"
						},
						{
							"key": "type",
							"value": "2",
							"type": "text"
						},
						{
							"key": "swap",
							"value": "0",
							"type": "text"
						},
						{
							"key": "readWrite",
							"value": "0",
							"type": "text"
						},
						{
							"key": "label",
							"value": "MyLabel",
							"type": "text"
						},
						{
							"key": "description",
							"value": "MyDescription",
							"type": "text"
						},
						{
							"key": "unit",
							"value": "MyUnit",
							"type": "text"
						}
					]
				},
				"url": {
					"raw": "{{ip}}/add",
					"host": [
						"{{ip}}"
					],
					"path": [
						"add"
					]
				}
			},
			"response": []
		},
		{
			"name": "Edit register",
			"request": {
				"method": "PUT",
				"header": [],
				"body": {
					"mode": "formdata",
					"formdata": [
						{
							"key": "slaveAddress",
							"value": "1",
							"type": "text"
						},
						{
							"key": "registerAddress",
							"value": "106",
							"type": "text"
						},
						{
							"key": "type",
							"value": "2",
							"type": "text"
						},
						{
							"key": "swap",
							"value": "0",
							"type": "text"
						},
						{
							"key": "readWrite",
							"value": "0",
							"type": "text"
						},
						{
							"key": "label",
							"value": "EditMyLabel",
							"type": "text"
						},
						{
							"key": "description",
							"value": "EditMyDescription",
							"type": "text"
						},
						{
							"key": "unit",
							"value": "EditMyUnit",
							"type": "text"
						}
					]
				},
				"url": {
					"raw": "{{ip}}/edit",
					"host": [
						"{{ip}}"
					],
					"path": [
						"edit"
					]
				}
			},
			"response": []
		},
		{
			"name": "Delete register",
			"request": {
				"method": "DELETE",
				"header": [],
				"body": {
					"mode": "formdata",
					"formdata": [
						{
							"key": "registerAddress",
							"value": "106",
							"type": "text"
						}
					]
				},
				"url": {
					"raw": "{{ip}}/delete",
					"host": [
						"{{ip}}"
					],
					"path": [
						"delete"
					]
				}
			},
			"response": []
		},
		{
			"name": "Toggle slave",
			"request": {
				"method": "PUT",
				"header": [],
				"body": {
					"mode": "formdata",
					"formdata": [
						{
							"key": "slave",
							"value": "1",
							"type": "text"
						}
					]
				},
				"url": {
					"raw": "{{ip}}/slave",
					"host": [
						"{{ip}}"
					],
					"path": [
						"slave"
					]
				}
			},
			"response": []
		},
		{
			"name": "Toggle swap",
			"request": {
				"method": "PUT",
				"header": [],
				"body": {
					"mode": "formdata",
					"formdata": [
						{
							"key": "swap",
							"value": "1",
							"type": "text"
						}
					]
				},
				"url": {
					"raw": "{{ip}}/swap",
					"host": [
						"{{ip}}"
					],
					"path": [
						"swap"
					]
				}
			},
			"response": []
		}
	],
	"variable": [
		{
			"key": "ip",
			"value": "192.168.1.107"
		}
	]
}